X,Y,Z,cluster
3.309419764567056,2.2602053885738016,0.4297932269969776,1
2.4038222513022927,1.5390303775077037,1.2796640197760605,1
1.8645081012060207,1.884352801503064,1.566263204652842,1
3.444345113793513,0.3270907497482687,1.5717634830583214,1
3.718178651927353,1.9632434668988248,0.6141448316350788,1
3.614421983332665,1.5677404521075222,0.825619802915843,1
1.054665971566468,1.9509150555455783,1.5344017552984028,1
0.735098413723678,1.308613554612703,1.967402511082991,1
3.25373559884235,2.023802003172434,0.6538038794476249,1
3.1370933672747867,0.7766567602015493,1.5314362366009426,1
1.037914063544274,1.489751204023121,1.8190766144301849,1
3.072803149469755,2.675696391235689,0.4025433857148089,1
3.560980666264575,1.415720193268821,0.96909344706915,1
2.065734988193633,1.528942867198834,1.427260058378482,1
3.002352141486862,1.794563046918247,0.941900086925342,1
3.9909231178342495,1.4419404047754745,0.6417560549471222,1
3.95923532578116,1.165535011478324,1.0218167465163217,1
2.141939419194671,2.307779018281792,0.9505866468403162,1
0.6443532468638744,1.7984654853896014,1.7256488497808418,1
1.0159229069991045,1.258261124600866,1.937324157777995,1
3.408296692992504,0.5507806567283482,1.5991145322932847,1
1.4746374713252557,1.1562004109805897,1.8636163114789008,1
1.1354333402042676,1.6477956597268149,1.8995828313839107,1
3.9216115137265226,1.4635595461546018,0.8546010536478016,1
2.710120130555013,0.2984187962863152,2.012956237833252,1
2.2749475735557123,1.1175434937484396,1.6272784141046488,1
3.600987836708212,2.440785336149439,0.3068905267913087,1
0.2039415301957838,2.89932266656324,1.3212893560706114,1
1.980875054690084,0.4074973581296139,2.342321511932364,1
1.1542201722728915,2.312563503727419,1.4032594672257672,1
3.2799732927387035,2.496921461758628,0.4439269401024449,1
2.9435304480828464,1.261219698067309,1.1412573125321774,1
0.4013285091291219,2.9902977865827527,1.3337388742880274,1
2.709131773000361,1.5026768567039654,1.2621558550270986,1
1.092667140699204,2.575598638211361,1.2075357292363211,1
3.2680985257742785,1.19641759037669,1.1326095011194046,1
1.495362063557966,1.16263566710668,1.7635463623874112,1
1.5750195081631266,0.5938485024428606,2.218730556046736,1
1.49935916583664,2.030390796656789,1.330299866044253,1
1.7628943689365202,2.1016318483417136,1.4557926923935658,1
0.3969898554775295,2.7153253287925256,1.4717180776869907,1
3.3251622320279384,1.504217004238852,0.874109401625888,1
2.271872338611801,1.8382642439149897,1.162897021496743,1
2.1644647453376065,1.1162245023616513,1.5918395208841785,1
0.7582051519836208,1.726143427166401,1.7068245118274357,1
3.6354785440672384,2.091334367520084,0.320187063359076,1
0.6886876802175812,2.9437150498782447,0.9768956973407548,1
2.812779175553177,0.8697464910439161,1.5061540587368414,1
3.1562370699404383,2.378525373811015,0.5092178024426898,1
0.3081684620341178,1.9062835390413253,1.918044453578269,1
3.410679786382016,1.2051027840743456,1.1321976528323263,1
2.948864711765343,2.1788277211641525,0.919489714802067,1
1.0272961151662474,1.3390816677724018,2.1628479290495344,1
1.0977116371519935,1.897781313062712,1.8982113893638368,1
0.7661510528699764,2.268987173270621,1.6017050267751751,1
0.7678128531413213,1.7862554171296976,1.7332603895176455,1
2.497605084370192,1.7603089444265674,1.1953422202538324,1
1.1953079268586255,2.9250887704915725,0.977042952379086,1
0.5752179234881996,1.0426773362155852,2.33285690058578,1
3.994234005428248,1.118232389278099,0.9737136851411412,1
1.4182381653856768,1.2393213432146315,1.6724363077900386,1
1.372688495410893,1.7503779042491694,1.6724353192291894,1
0.6428719071713818,2.683562416943404,1.4288347813256403,1
1.9734749470459283,1.4301707538192232,1.387187390705209,1
2.804624207951974,1.9023462360398824,0.8938450711156285,1
2.642951832164821,2.7456347105923764,0.4652886987676207,1
3.426394289525917,1.2204360046484748,0.9871404323086715,1
1.688492251104033,1.7862848589121223,1.5402396492566597,1
2.389093605297885,2.717085724023095,0.7239962690878434,1
0.5689425848476528,2.59876458585338,1.3323137008375456,1
0.8695714799876091,2.5901046754111188,1.4762307545023658,1
0.7401109715526175,2.3668944302435544,1.2401567892251784,1
0.9285989966380448,2.1610434069577904,1.5297334496216817,1
2.8220915473580144,0.7744416144776625,1.5069840750992114,1
2.600589307031075,1.5914092224141043,1.197112541745767,1
0.3819690192147926,1.2326387829209702,2.1744524063076565,1
2.750983576859048,2.9506587236748336,0.4156925519829009,1
2.483564906248896,1.7067936290347845,1.0917217984522127,1
1.9294861489254795,1.7649911506097582,1.2206053045809382,1
3.729993257990577,1.097281341224208,1.1043902245762698,1
3.759491822867612,2.440128395650083,0.2151532811498152,1
3.859847413652801,0.7854978808283426,1.0440438804433787,1
3.2316534624493247,0.7904131247927069,1.4292584529427863,1
3.7559774366212455,1.361181435036279,0.8900574363163877,1
2.523236800080591,1.4097017529307572,1.2527087244433524,1
1.067472582106728,2.364768740161023,1.2896334305787138,1
1.890800239908965,0.4656005044965079,2.3262797159791773,1
3.449083643512259,0.4674764037743957,1.4823878891158888,1
3.009915571936148,1.7137589230563313,1.0791235377277888,1
3.336912465951169,1.6567435113397753,0.6892886635665423,1
3.066804631174312,0.9239104352673124,1.5097761283620048,1
3.818066332010909,0.4084070244437576,1.354519952986498,1
1.5799594760697158,1.7316352571655655,1.3859615496546385,1
1.797948303492744,0.9129144118839688,1.8842048403754017,1
2.2495385872029763,0.9632446723614092,1.7453229651299136,1
1.9061045694642988,1.0218336743952856,1.724374809401067,1
1.2437302636961474,0.842045567377276,2.2181076247474247,1
1.5137863797160451,2.7559076359771035,0.8683250113951649,1
0.9474486169414889,1.9787703236376937,1.8302019300524333,1
2.6071189840645856,1.0773005817199748,1.4927162046911544,1
1.3014551249452098,2.7761310142827766,1.0364981867971206,1
2.9439790194879705,2.0843377479349456,0.7868990843788936,1
3.1336970970721403,0.8631680209995831,1.4939038428701696,1
0.4910353866008561,1.9943210482473863,1.837329621616328,1
2.4133101260338963,0.8276916409413229,1.7211483351200485,1
2.849230204284054,2.4791166534658964,0.5231447783613008,1
0.9608755898938464,0.9246143763446042,2.0916394218587584,1
3.210961852978455,1.980741434216288,0.757147847213452,1
2.353842355688057,1.326395665802934,1.3836951636216612,1
2.0551258247225075,1.760465702978962,1.1678283931272715,1
2.925757765692323,0.5471516557877223,1.7200495156595943,1
1.243702888703767,2.135681208320838,1.4386541256220566,1
1.6240839934641855,1.5952851861212771,1.5493486727284194,1
3.826508436135051,2.4829000185511507,0.242226176976886,1
2.56511031354436,2.725170053367693,0.5730337416752237,1
0.2027655066719011,2.418983479932734,1.710218718525964,1
1.1603101732514074,1.142473636220797,2.084544216225834,1
1.033749017445478,1.8200777591983777,1.875840494606504,1
2.9170482904925743,0.2768220848233795,1.972172352949774,1
3.3513931451454693,0.2107806328536188,1.7520491602871404,1
3.958699246635229,1.2048585104696132,0.8595624637056816,1
0.5118052212072861,2.421846264910404,1.5153911783606613,1
1.822063062902982,2.853668285327009,0.7613284832703495,1
1.0711950731254722,2.194251576303032,1.302162633869444,1
1.947435232120165,0.7158432539766235,2.2380481511967183,1
3.2559031366920417,0.4025208963226552,1.5448013622607488,1
0.366471222400724,1.228968055377316,2.290350830316151,1
1.0843065372538327,2.5278061582945663,1.0673117287820386,1
2.534953431796219,0.9145125348328436,1.600631987468632,1
3.615845803792753,1.4532088489435198,1.0394516719976763,1
3.263872870743576,1.807858894506836,0.8902198574166532,1
1.934287187348097,0.9740964298789618,1.9184555691593288,1
3.770386290271873,2.4305791888793884,0.3266919544792122,1
1.3935685010198182,1.3766407788025397,1.8494543850207743,1
1.773909276314433,1.5107375670084269,1.7498268769302627,1
1.4492838469856282,0.5867005100203333,2.092686890319854,1
3.0946514997667283,2.792341899202615,0.2029497757397628,1
0.8030191684229764,2.495763406765428,1.3904713155452255,1
1.93080703437791,1.38243159166869,1.6403867089759407,1
1.5949559636243882,0.5803326186373639,2.2664498512475184,1
2.752082556430528,1.819992904508421,0.7931471271536435,1
1.7644925812107053,1.957255546752101,1.3759683832625107,1
0.3927654270324139,1.4454513293357711,2.20634395135322,1
1.910048589391008,0.4305046710822928,2.281162623874978,1
1.487426665239289,1.7432990310099945,1.6242905955796303,1
0.7242525115595961,2.4777422882856497,1.4437881907409622,1
3.5964787069067548,0.2582950151846537,1.5026018933520304,1
2.659117890140312,2.321409094198296,0.5691235385134555,1
2.026374136301036,0.9038080293576264,2.2236038030638263,1
2.970147332325835,1.7726021319674026,0.8439093168042013,1
1.3046894624958456,2.707508146707137,1.1198832731015542,1
2.923238859610318,2.3786630443922974,0.5935205796542017,1
3.220291782781985,1.4047925810413024,1.0771133928135144,1
1.579934260422904,2.9911757985213785,0.6496823641786651,1
0.7672829934369283,2.3539667078981545,1.5345393327314123,1
0.8388810999087788,1.0248194984255052,2.340234148089821,1
3.790996877156993,0.936723247202046,1.082352453578057,1
1.272848662457478,0.4123827448131438,2.268611842097666,1
1.5310964834187684,2.720899983998877,0.943316168912795,1
1.820738808101146,0.3554605973774807,2.245750305813187,1
2.9861606377440832,2.4426665410626844,0.4758841253984378,1
1.80401750855516,2.810909231015313,0.6661488969333815,1
2.928645114420565,1.6326259345526768,0.9639678390159578,1
0.3331560014891173,1.3383287276485838,2.317897490060735,1
0.7549399987565084,1.3957888383869224,2.055508894369312,1
1.99251707840401,1.7625028651621126,1.4100146517086487,1
2.870327817006093,2.897455328360783,0.3527794349038745,1
3.347616239222357,1.2068252674389417,1.157214385712995,1
0.3732247608053962,2.3289715078161004,1.6384149955421787,1
1.5871838461914989,2.496446484302349,1.1708530609360224,1
1.3406398573156415,1.9747355766868648,1.2951976188597436,1
2.928820668952055,1.745295279773512,0.8082713331016651,1
3.2982333700147213,0.3447954339663148,1.6938453689126318,1
0.4919561090604256,2.3070537483744173,1.6122671878201953,1
3.50997153623461,2.2051203601846505,0.432234571720364,1
1.2082006554170674,1.9913470028218976,1.517628550851552,1
0.7875410299250127,1.35412560094649,2.03516294047299,1
3.307925180115839,0.4173665707112808,1.5147890392834915,1
3.776036870467427,1.6841674031065812,0.6330144458454748,1
2.259616989882131,0.8422500596681379,1.8164617088725417,1
1.5632858301940955,2.722535498364995,1.0043427744040847,1
0.2215881814794214,2.6165431124340923,1.5882434208696938,1
0.3453161113936911,2.723007668268428,1.405642587140854,1
2.0876302330416427,0.458268265037421,2.261987303061751,1
3.061684893770624,0.2420463460160222,1.8658189869420447,1
0.3208769608314317,2.3255752964739016,1.5248588802230385,1
3.5321339562606946,1.4819779942484603,0.8709210382263353,1
3.9430391245241134,1.7662902580535238,0.5770348011688631,1
0.8807318683253922,1.301554522648867,2.10847809605344,1
2.426635806715713,2.4084478095718014,0.7809827920595663,1
3.6604540228299673,0.4847155652453205,1.2726763938984778,1
1.7807146350151477,1.372088109756826,1.6942231949515385,1
1.7264779326970854,1.7993798845948668,1.5193773597235805,1
1.3575798907270515,1.8393219468892288,1.4818031750750944,1
0.7990333418185533,2.7007798093704576,1.2265613369198385,1
3.7045560631332295,0.4622696464587073,1.4646987989297748,1
2.013883008372288,2.7001505045165235,0.7122235987091358,1
3.159541381972601,2.501046621332242,0.6777557532484907,1
1.9456372532520667,1.1364173448274577,1.5710440072208314,1
3.6452936717840463,1.6668191848787866,0.7127004913182181,1
2.652612468095697,2.762616026538141,0.3027152422495881,1
2.246666493226596,0.8335255910262849,1.8153135045036888,1
3.230731481914808,0.4461959713399039,1.7402648763595128,1
2.028335896318169,1.229611110072729,1.5949395381957363,1
2.525562384479384,1.9142631753505064,1.0800762392515697,1
1.5335471455650949,0.4535834691127876,2.289322143253796,1
2.4332508276814693,2.4038055831144605,0.6962057668651704,1
2.0875994746313795,2.6232495713455526,0.6990262795115892,1
0.2314599021310919,2.818047044383855,1.377952874725095,1
2.2725387245632382,1.5218389761506452,1.1651933293465393,1
1.8694715663684347,1.9334125957034805,1.2125777623563685,1
2.1295069029441827,1.54291532694794,1.4161427794908266,1
2.520033885668709,0.3009333989774705,2.0024492377216645,1
1.8241298753375368,2.6968045478129863,0.7314633307152216,1
3.609360017853869,2.094043434636051,0.462856864843683,1
3.469844628859263,1.943917899145052,0.634235307179575,1
0.2058690600032087,1.5893650782500977,2.217984230493312,1
2.7331039327809714,0.2097681024113518,1.9845682718794964,1
1.9180211086220296,2.572375717055244,0.7077187225546179,1
0.9882454820840694,2.746543574419796,1.272548449472361,1
2.0171469468036065,1.2986475071894572,1.5918996227608722,1
3.575226012289791,1.906570999433876,0.5969219876471727,1
3.826816272259911,1.161757993202307,1.020048286351528,1
3.4228402753353,2.208567728452967,0.6275149475224489,1
1.4458374226996378,2.11152465867365,1.455260869621688,1
1.094111180379879,1.1205262011100148,2.0759981560323832,1
0.6726242796810196,2.273066304407945,1.6701236701933668,1
3.7560947964801055,1.4503700006943658,1.0060855622478722,1
3.818710491242377,2.7593261515701366,0.225951757096566,1
0.3607611449823529,1.494673959099855,2.230036122694286,1
2.561961324261401,2.56814639962126,0.7178858615902862,1
1.5661915022000057,1.0258197021297992,1.920384645280688,1
0.6598786971742259,2.100448375134846,1.773099226682314,1
1.320026364732928,0.7764676544040487,2.2052307192281924,1
2.971544103239883,1.0391793409267147,1.335934718007859,1
2.4068141586272667,1.3283658780673149,1.5567219034145174,1
2.1054058151850734,1.996345613639224,1.1594924665979058,1
3.531475118344076,1.330619771483671,1.0923605947794963,1
0.9762319564720504,1.165251480494775,2.067221746610964,1
3.0606790281518665,1.8741324591881807,0.7561007306826094,1
2.933313551009864,1.6347353463001653,0.9661558445493876,1
0.9812552826306692,2.548643152660961,1.2480374329081048,1
0.5879571289551211,2.1997919433894344,1.5333772401867145,1
3.0033678481470085,1.7363076650005902,0.777887561891247,1
3.127921034907501,1.2052862222142957,1.1766696833795038,1
1.8041069755825327,2.317839030038522,1.0160137770816744,1
2.835628313501269,2.114857701013485,0.7249235206716829,1
3.1110835497447,0.5214158933150599,1.7787714304808673,1
0.2872446859573008,1.7160711496470802,2.1163332336880614,1
2.381522865556802,1.5159939664855415,1.453669699920638,1
1.3448433572969731,2.496785039666477,0.961146628027462,1
2.9267122905590863,1.121956225746734,1.343677381579544,1
1.593873844898543,1.1984961734676305,1.741659449657745,1
1.403024969024682,1.8507174251909988,1.5763908241824305,1
1.9212581730793443,0.5123404322774596,1.9288005443184608,1
3.091900098182361,0.380214372034777,1.7423937131434375,1
3.901905045551166,0.848628033658517,1.06190901938324,1
3.840658708447495,0.7793719287104486,1.1352147364415617,1
2.356553675426837,0.7262709688138662,1.8664100577067184,1
0.8157528974957504,0.8976242020695429,2.276039530274604,1
2.964151994112416,2.9699520151159726,0.3637575230077712,1
2.704559888878249,1.722404748995905,1.0157645872535648,1
2.4719422525189216,2.7924273738582897,0.6183051232531394,1
2.022438842520163,1.1472524513420352,1.6424306882726991,1
0.5856295168623797,1.972385140205709,1.6656318254499989,1
2.9299695335980083,0.4963840030358393,1.8524887408165085,1
3.94239433496855,0.9189202922509596,1.1630614754537432,1
2.364925596247985,2.2136269084255744,0.7886710206798109,1
1.2248656530823565,1.8509595292403984,1.3895966918109666,1
1.1152563911525772,2.759359412446927,1.0582270295698946,1
3.149679488347016,2.8798990123583628,0.3385078326075573,1
2.5568303720786414,0.5021702946606077,1.6281594126317789,1
1.7303909839889635,2.7004937418590456,1.0843647072230416,1
2.9574367637818755,2.866632900975972,0.2808011403629782,1
1.02721494528704,2.3559286899946223,1.4551349963300684,1
2.4631379441608945,1.5732458018546895,1.4589000396348892,1
3.66600452910098,0.404250053532341,1.4554811685033329,1
1.4208752054997398,1.043277648080145,1.9560175910155888,1
3.001959602358966,2.4447732876850115,0.6008092178897292,1
1.2899388244504424,2.076966652430549,1.5113356866284535,1
3.17616905922558,0.5823728976357336,1.5170164574342475,1
0.6422369943576645,2.483754993391451,1.489390859522448,1
3.418790878721797,1.5259969443563175,0.911630024924715,1
0.3418821233695783,2.784976959842037,1.4199469200444153,1
3.421180622507278,2.597258240678776,0.3171715729456457,1
2.219443400147848,2.6972072233483435,0.6042027371593238,1
0.6910497306702403,1.3239360535141529,2.032402686309175,1
3.190397771242651,2.212578161194773,0.5575406261976408,1
0.6284413858436848,2.152969266013756,1.6486042324645462,1
2.7176578718330866,0.9461203248187372,1.5235246799033015,1
1.4415568467590905,2.8126457085985432,0.9098745512329716,1
1.2693155683771462,0.9473151587472723,2.173114168447217,1
1.846233853384594,0.3174945068525681,2.2837095760957875,1
1.853184874013924,2.659253018678437,0.8279183156189028,1
2.215180106702169,2.8800688022712846,0.5976308027036771,1
2.2364744480577707,2.042130740535692,1.1366214112521102,1
1.7942803692310358,2.7567208771636382,0.9151695650292304,1
0.887743820781856,2.901047990212831,1.0385965021190735,1
1.440564933744354,1.0863890599741497,2.118570271590793,1
2.939483457382911,0.6484134042917817,1.63692058865977,1
2.643229574806565,1.2731933447362105,1.5789205990914592,1
3.2728234285310647,2.477245734754896,0.4265475608422145,1
0.806572404863759,1.9652456483567464,1.718142987023102,1
2.31515414968855,0.7616133457378156,1.7031577850111124,1
0.8740525474068908,2.444983725963465,1.455060083666879,1
3.61880857021104,2.0693584063194264,0.5634140935522898,1
3.020030777868607,0.7368752752059406,1.6161005090232792,1
0.8069544067851175,1.968833357310832,1.755261628341846,1
2.642656123428905,2.201404309515025,0.893215079805718,1
1.9870325406670435,0.6444800154262857,1.984125155004821,1
0.5952765186644244,1.8965445531386629,1.7574313744939378,1
3.694656139375972,1.590172254064313,0.7370294138888566,1
3.685099271151818,2.422749821165274,0.2899090044358615,1
3.923770904776609,1.2511444044466145,0.7071992609100366,1
0.5914644079710281,2.4124908911468195,1.603928694775781,1
2.293547591606252,2.7495575673468617,0.8305087467995789,1
3.248921954524336,2.086202253328113,0.8193984755966022,1
2.725972358331874,1.1665812364998378,1.3964498210362362,1
1.4164952832816389,1.142392765719702,1.8502712782825568,1
3.404970575429463,1.2218484303124515,1.0483917624387953,1
3.226948325212214,0.323725218352811,1.7686386983422455,1
3.988879146053376,0.9681434055074376,1.036277233577534,1
2.1046423276550583,1.331484503611715,1.5547219197539088,1
2.569070556872699,2.8944209090406265,0.2614486878765034,1
2.0899693298214856,1.6674860534915728,1.3177655226531662,1
1.4575915595367803,1.906111390250582,1.3457539543819437,1
2.0120327978689163,0.3959587123764976,2.206373936940459,1
3.6805941303565097,0.394330217465918,1.3022570367124169,1
2.9905001191414984,1.493527463664061,1.16743413918897,1
1.701343200885039,0.5898595424831017,2.2157610457751464,1
1.0734905478658516,1.5151003393680746,1.881873381195881,1
3.65750327569688,2.018619216958045,0.5837746921248816,1
2.789522313390448,0.8807988656742216,1.6917809142739482,1
1.091390479830365,2.802424371722863,1.056150049208896,1
2.5577603440336905,0.4784980610815434,2.046211985779762,1
0.7461539300358255,0.803561843236015,2.294296123787632,1
0.2889585997897768,1.4566639529116951,2.2204058689623323,1
3.031494381606489,1.3610280136500623,1.209224473907261,1
0.8643611418527368,1.6107213988144768,1.84061383205918,1
2.3341388671948966,2.5657009787133016,0.5152140221878572,1
2.4493421550283383,2.70333897056133,0.5659726858089188,1
3.172628644830537,1.316529265941138,1.193378332210132,1
1.1292432762690852,2.5206754516148724,1.1562304094850977,1
3.370501376615188,0.7459117221261262,1.3575436378172476,1
3.061466892219735,2.477394326880377,0.504240565973032,1
2.8163061308709176,0.7608848208900385,1.5577579817553482,1
3.1965868772792816,2.8042558069184755,0.2440661546946841,1
2.6562980803615583,0.2474416334425875,1.96034837341151,1
1.803355233568967,0.9570729548751236,1.7659671021365366,1
3.406969566035758,1.275448974266698,0.8331799466849067,1
1.2064886449304817,1.9575352470201348,1.4496032602788735,1
1.967021910380539,1.092649392911314,1.955501084817436,1
2.807122737373035,1.668988278540661,0.9455035448157544,1
1.2897937794452718,0.8841165607711003,1.9942417387090592,1
1.894772738384121,1.6929929095059688,1.322550501113385,1
3.075152339573576,2.485550493445833,0.4993427626890596,1
3.4928394309547137,1.4826248978131031,1.0452734667842334,1
1.709248200120669,2.1233181758798407,1.2460808191948032,1
1.9190033362989256,2.8480094708529773,0.6754483208116343,1
2.2204316326317266,2.566587954430073,0.6510515522765646,1
0.4525339983410366,1.1023093223033071,2.1626972969363574,1
3.322660381832411,1.09379101107903,1.1982983970913188,1
3.23200202950236,2.593237789612363,0.3653901361446895,1
2.3224934164079807,0.7453682288716303,2.012961110168063,1
3.126521612022917,1.2505964384762809,1.0399358567985155,1
2.612872709450824,0.7764097702827473,1.7219938685910567,1
3.4926015435343047,1.6588746426130236,0.8652058588166228,1
2.4718149571396144,2.9639492868610025,0.5987678491457074,1
3.3947231599920613,2.444789861251033,0.4348306082117227,1
3.15140716424367,1.2798686699974426,1.1863356228704167,1
0.9928993700376788,1.578164752506004,1.8982739544318608,1
2.930548299226521,0.2508044097146178,1.729321092355077,1
1.9419416273187595,1.326729345016753,1.6075810514865028,1
1.1981631466217395,2.5804376555751123,0.93624779438886,1
3.336799076702844,0.3367990767028432,1.0516341305971455,2
3.912619620010133,0.9126196200101332,0.9668568193161828,2
3.561722950816795,0.5617229508167951,0.5662282423255794,2
3.781063396912761,0.7810633969127609,1.3326869033753628,2
3.561621243027511,0.5616212430275112,1.6217112626542811,2
3.202353911225425,0.2023539112254249,2.062063621488341,2
4.166318965474416,1.1663189654744155,1.169726510390185,2
3.817474597687801,0.8174745976878008,1.6033844749463042,2
3.664005296822811,0.6640052968228112,0.8738408422329608,2
3.679325918790769,0.6793259187907692,0.542943502761789,2
3.742627870268133,0.7426278702681328,0.2036450335394858,2
4.323578694716758,1.3235786947167585,0.8049797731966041,2
3.740593900923999,0.740593900923999,0.2307749661028385,2
4.604794578509655,1.6047945785096551,1.157104845052587,2
4.017297364519755,1.017297364519755,2.169947430177963,2
4.671142157568962,1.671142157568962,0.2276081590034643,2
3.676128890104744,0.676128890104744,0.7374000114001975,2
3.736165045735524,0.736165045735524,0.606581483280607,2
4.36995561522667,1.3699556152266696,1.2787690958919575,2
4.888229341796259,1.8882293417962588,2.341622209992194,2
4.247396690565289,1.247396690565289,0.5668409408040608,2
3.998443755974735,0.9984437559747348,2.316878137510732,2
4.357104382108982,1.3571043821089823,1.073492754412935,2
4.652017787388555,1.652017787388555,0.3206285901729843,2
4.021506913627731,1.0215069136277313,0.3352742319323705,2
3.568385560591592,0.568385560591592,1.843652299469128,2
4.179137236301817,1.179137236301817,0.5623511309797949,2
3.419789464207589,0.4197894642075894,0.5967375814473087,2
4.163040243168121,1.1630402431681208,0.2176735430790206,2
3.465635158548114,0.465635158548114,1.9063792965875488,2
4.475353968712956,1.4753539687129562,1.6234375341970786,2
3.988269469442265,0.9882694694422652,1.9912821082208985,2
4.539365977470988,1.5393659774709878,1.976520623374565,2
3.986384253549797,0.9863842535497968,0.4348500242863638,2
4.989230358972788,1.9892303589727875,0.3783722727703352,2
4.926072577601642,1.9260725776016416,1.2455762112707922,2
4.393580558655168,1.3935805586551675,2.197987617349538,2
4.503622411425873,1.503622411425873,1.8290816774767609,2
4.46046768222847,1.4604676822284697,2.1932910628223685,2
4.036233053223814,1.036233053223814,0.981059767126762,2
3.7203044146383,0.7203044146383002,0.8845462875348475,2
3.667453729999328,0.6674537299993282,0.6942122813691284,2
3.609248708442533,0.6092487084425331,1.2909555406069697,2
4.439377876334426,1.4393778763344258,1.2002953357950614,2
4.691063697584159,1.691063697584159,1.949662430546992,2
3.9851916680375696,0.9851916680375696,1.895041083633613,2
4.35354775086586,1.35354775086586,2.014619211733204,2
3.318391122489662,0.318391122489662,1.7171426694111644,2
4.028372997612929,1.0283729976129292,0.2242297203441033,2
4.1042039455336905,1.1042039455336905,1.6438598212072024,2
3.8694259177037313,0.8694259177037313,1.5130937320918594,2
4.437304770295725,1.4373047702957251,0.6716689866480834,2
4.961096571811549,1.9610965718115487,0.301582435475305,2
3.541992448369578,0.5419924483695779,0.9188350166997324,2
3.351632481600862,0.3516324816008618,0.5222134310579476,2
3.288140460157336,0.2881404601573356,1.275655640335125,2
4.792828896288915,1.7928288962889152,0.8373167996883069,2
4.194623536797898,1.1946235367978977,0.7701491118016862,2
4.848646935674364,1.848646935674364,1.4221353098903529,2
4.160414820019408,1.1604148200194082,0.3951822777069199,2
4.473779857653251,1.473779857653251,0.6307491991584413,2
4.353434969010797,1.353434969010797,0.7279176707915329,2
3.714856954880247,0.714856954880247,1.576700910773874,2
3.907933899052387,0.9079338990523872,0.718650956626185,2
3.441897203509165,0.441897203509165,0.8034452992383739,2
4.358807620099868,1.358807620099868,0.6931519328147349,2
3.440153601403877,0.4401536014038769,1.0018284258059078,2
4.142237443828806,1.1422374438288063,0.3681910025472116,2
3.3596842245230456,0.3596842245230456,1.0254026615077718,2
4.021379912406332,1.0213799124063323,0.2385053622567717,2
4.694770150057678,1.6947701500576784,1.8151592693077705,2
3.4228402753353,0.4228402753353002,2.330359423181316,2
4.107686138058073,1.1076861380580727,1.1629279070661744,2
3.4173299217701567,0.4173299217701567,1.673155411293713,2
4.286725643495603,1.2867256434956031,0.903934424674348,2
4.692326160294527,1.6923261602945263,1.071376342887218,2
4.831383136232248,1.831383136232248,0.717409572920478,2
3.6755046271155023,0.6755046271155023,2.298021702603975,2
4.717034864089648,1.7170348640896478,1.3489405212403764,2
4.486057669937288,1.4860576699372876,0.7906312105318198,2
3.378143020290997,0.3781430202909965,1.811583068115684,2
4.59470554901116,1.5947055490111597,1.0484802183968611,2
4.258613597714419,1.2586135977144188,0.7189274534209327,2
4.703089468326271,1.7030894683262714,0.8798609376339128,2
3.790996877156993,0.7909968771569931,0.8975083999641281,2
4.899323537649535,1.8993235376495343,0.4060796507713437,2
3.505368735226513,0.5053687352265128,0.4555492485571134,2
4.514456897666592,1.5144568976665918,1.7216630297918958,2
4.200727070796633,1.200727070796633,0.4013427854357296,2
4.707326928246948,1.707326928246948,0.8954153645531785,2
4.128230364994512,1.1282303649945122,2.330159430799199,2
3.932752445022021,0.9327524450220208,1.3558854032352112,2
4.101767249254433,1.1017672492544328,0.750898295970192,2
3.6001573029653766,0.6001573029653766,0.8107717432939516,2
3.608538238918425,0.6085382389184248,1.7349188558568498,2
4.627352777795461,1.627352777795461,0.875233390887841,2
4.159496125812356,1.159496125812356,0.3967478677825319,2
4.784764567655506,1.7847645676555055,1.817475170503964,2
4.216009125503126,1.2160091255031258,2.216834726484603,2
3.672715895673848,0.6727158956738482,0.4041398550129276,2
4.796328137735979,1.796328137735979,2.00135568160898,2
3.294353346253109,0.2943533462531089,2.2453297032505524,2
3.210509756026422,0.2105097560264219,0.9272829056897756,2
4.4911518004491935,1.4911518004491937,0.763350069710821,2
4.571513324987459,1.5715133249874589,1.09376634167253,2
4.12601157689574,1.1260115768957402,1.3697164404013418,2
4.396425513881777,1.396425513881777,2.193666919492746,2
4.623392984071312,1.6233929840713124,0.740966234121078,2
3.507932461960687,0.5079324619606869,0.4402230587509768,2
4.932055836611916,1.932055836611916,0.7329679325285048,2
4.306244516597289,1.306244516597289,2.035535767386923,2
4.309620160579822,1.309620160579822,2.003565650305441,2
4.011583454670376,1.011583454670376,0.824327835003677,2
3.3287717797904355,0.3287717797904355,1.2695088107255377,2
3.590450064673738,0.5904500646737381,0.2161589657885733,2
3.923770904776609,0.9237709047766084,1.078538669935263,2
4.228085767582579,1.228085767582579,1.1350005855133896,2
3.4366834876611776,0.4366834876611776,1.9729001506128,2
4.623789377614329,1.6237893776143286,1.4317242261671916,2
3.5289460229470304,0.5289460229470304,1.710570450328438,2
3.565178139971725,0.5651781399717248,2.161949729766096,2
3.7059912537454536,0.7059912537454536,0.4224371103379256,2
4.747701938702924,1.7477019387029236,1.231295208012588,2
4.052631888563019,1.0526318885630186,1.6890761740264322,2
3.416861331104593,0.4168613311045934,2.331544971796211,2
4.07137139314593,1.07137139314593,0.4940884338472594,2
3.630570603844265,0.6305706038442649,0.4418879965306519,2
4.798266453725418,1.798266453725418,0.5161889941775508,2
3.8246006160660486,0.8246006160660486,1.2157587246986346,2
3.516399309358179,0.5163993093581789,0.9499075279689848,2
4.453228760238368,1.4532287602383684,1.3797504122789257,2
4.092433104371853,1.0924331043718531,1.9768828321329623,2
3.773512624314866,0.7735126243148667,2.3376359726519462,2
3.697928571147731,0.6979285711477314,0.8007266778587375,2
3.479784096735818,0.479784096735818,0.8134435844077446,2
3.687631475438693,0.687631475438693,0.384362410296634,2
3.426180116591012,0.4261801165910119,1.144571007535775,2
4.238770666269123,1.2387706662691231,1.8509446378698624,2
4.6968388795151785,1.6968388795151783,0.7817566981677186,2
4.240407447003619,1.2404074470036193,0.5171141591446369,2
4.028565276753722,1.0285652767537217,0.2001207482967638,2
3.542947474466116,0.542947474466116,1.705384633551029,2
3.9353119487239065,0.9353119487239064,1.5181788662388669,2
4.468949729494756,1.4689497294947564,1.0645141794511148,2
3.802391787246103,0.8023917872461026,1.7778768457454162,2
4.551600934033628,1.551600934033628,0.3547080055605793,2
4.726056440751723,1.726056440751723,0.9110830997650636,2
4.1419582197706895,1.1419582197706897,1.2980020052846135,2
4.798865119722692,1.7988651197226917,0.8206609047975727,2
4.867173370293183,1.867173370293183,1.3180279143665816,2
3.370501376615188,0.3705013766151879,0.6992029438651246,2
4.363785891919321,1.3637858919193206,0.2503774812138272,2
4.834851286843043,1.834851286843043,2.251600185015532,2
3.553757972064705,0.5537579720647052,0.6065668425081857,2
3.697665750228698,0.697665750228698,0.8229036143401823,2
3.5996894019924297,0.5996894019924297,0.5197885692160057,2
4.112567982512395,1.1125679825123953,1.9324169069786388,2
4.482081334017961,1.4820813340179608,1.5269761878514374,2
4.024747887382117,1.0247478873821168,1.2437816341762795,2
4.455373351815,1.455373351815,1.138573401999594,2
4.236940933557258,1.236940933557258,1.111984935073122,2
3.5584372199007284,0.5584372199007284,1.250395484151305,2
4.991754363282789,1.991754363282789,1.1882162676949208,2
3.86062131874177,0.86062131874177,0.5311504080377226,2
4.502562344774462,1.5025623447744616,2.3179920213792675,2
3.520836401675125,0.5208364016751248,0.7496256274513535,2
4.51419783525846,1.51419783525846,1.725698890177861,2
3.8633971572005983,0.8633971572005983,1.0661411195438992,2
4.498592771002327,1.4985927710023272,0.5753966380733748,2
4.727669711069096,1.7276697110690955,0.3087482776353241,2
3.8605540780975898,0.8605540780975898,0.2063068809415952,2
4.979384211620059,1.9793842116200588,1.542130431079202,2
3.7227442646454967,0.7227442646454967,1.0820206492621396,2
4.352870454998095,1.3528704549980954,1.5710901479513968,2
3.671039099213637,0.6710390992136368,0.3610768579210066,2
3.440765459139528,0.440765459139528,2.2750666028504147,2
4.113556638470265,1.113556638470265,0.7502745067956904,2
3.8904178202404047,0.8904178202404047,2.0317214215208765,2
4.405301202047674,1.4053012020476745,0.9448708391825342,2
4.128683288303561,1.1286832883035611,0.3644671183819616,2
4.597931398040322,1.5979313980403216,2.0614626180225506,2
4.555417393450423,1.5554173934504227,0.9351899290608918,2
4.944463346696537,1.944463346696537,0.9713145607310728,2
3.378178807198799,0.378178807198799,2.133992033259517,2
4.626183429563048,1.6261834295630484,0.9303694233171516,2
4.168975745286944,1.1689757452869438,1.2643249669735397,2
4.622638151008165,1.622638151008165,1.089019667365407,2
3.812450492045872,0.8124504920458717,1.1759283448283584,2
4.129336252431304,1.1293362524313038,0.7392633659356176,2
3.434557877089847,0.4345578770898468,1.229545404040687,2
3.2796449102904903,0.2796449102904903,1.7192357565665544,2
4.156935232291318,1.1569352322913176,0.6502738949385505,2
3.4869474710454416,0.4869474710454415,1.3366898492033077,2
3.423134197831449,0.4231341978314491,1.3032890186596868,2
4.636992626480519,1.6369926264805192,1.8280924377278909,2
4.819679364361774,1.8196793643617744,2.2165715226522824,2
3.720618213368424,0.7206182133684242,0.9716564953625436,2
3.5757513631317424,0.5757513631317424,1.518834373590196,2
3.4178649954021862,0.4178649954021862,1.1107890983442503,2
4.858763014836961,1.8587630148369607,0.469123504100941,2
3.6374047895453647,0.6374047895453647,1.767832238616611,2
3.933486730047014,0.9334867300470142,1.2856049069539468,2
4.597257410331874,1.5972574103318742,0.9091069635109528,2
4.433724108872688,1.4337241088726884,0.3748178469621496,2
4.8131275252583166,1.8131275252583168,0.3208490350221565,2
4.463089416656946,1.4630894166569464,1.684703516802487,2
4.93055485032312,1.93055485032312,0.473681253962361,2
4.316334372023841,1.3163343720238414,0.917778525784876,2
4.142071243225751,1.1420712432257512,2.256551825019267,2
4.642892878192408,1.6428928781924084,1.2312336578194605,2
3.466385648458954,0.4663856484589539,2.166261558042552,2
4.602864849458463,1.602864849458463,1.1526511571185971,2
4.7932937207013975,1.7932937207013977,0.900261754015945,2
3.369578964698107,0.3695789646981069,2.118086065522492,2
3.9570621517345415,0.9570621517345416,2.1445310137572045,2
4.2598118541642425,1.2598118541642425,0.6453201941620528,2
3.767777612404415,0.7677776124044149,1.4796972491872815,2
4.493579073803183,1.4935790738031829,0.5605162903303547,2
4.653221233805812,1.6532212338058123,2.2945435172631647,2
4.377912161807785,1.3779121618077852,0.6345944962513977,2
4.971937369606417,1.971937369606417,1.4458908819760576,2
3.639866556418351,0.639866556418351,1.9580669620350493,2
4.739572979207048,1.7395729792070478,1.7249331757194422,2
4.547119013619854,1.547119013619854,0.5766279100150841,2
3.433923711691718,0.433923711691718,0.4618308308420156,2
3.801789596618302,0.8017895966183022,1.4139960643076812,2
4.698087162266108,1.6980871622661082,2.2943791020411064,2
3.871581261207153,0.8715812612071532,1.942097962361908,2
3.799970524761196,0.7999705247611955,0.8846296051128142,2
4.075487140611807,1.0754871406118074,1.626759742451561,2
3.518411520894876,0.5184115208948756,1.7497590766070243,2
4.388740110176022,1.3887401101760224,1.7589658175495526,2
3.2170811747906733,0.2170811747906733,2.0410587831795595,2
4.80377077520639,1.8037707752063896,2.004635007512186,2
3.359684464737529,0.359684464737529,2.1051976367283083,2
4.819817633743577,1.8198176337435767,2.0667927406695226,2
4.857911693214433,1.857911693214433,0.3106575277920944,2
4.497337066746434,1.497337066746434,0.4887328184015094,2
3.427864896268372,0.427864896268372,0.9560590821650804,2
3.8759953555189455,0.8759953555189464,0.4396482373365796,2
4.119963479387698,1.1199634793876978,0.4149911865902708,2
3.7637931675454497,0.7637931675454497,0.8845090811115386,2
4.917553632157741,1.917553632157741,1.1750026960805542,2
4.168593676283336,1.1685936762833364,0.8226514296081022,2
4.212740787945195,1.2127407879451946,1.4732612372524645,2
4.412381335116196,1.412381335116196,0.3633435736527924,2
3.907708563179917,0.9077085631799164,2.265982004275644,2
4.519499782295383,1.5194997822953829,1.0241379045925896,2
3.62622599921425,0.6262259992142507,1.8090916546617195,2
4.881450479707373,1.8814504797073728,1.6092675948536947,2
3.954145525434818,0.954145525434818,2.287402089417179,2
3.819014014361872,0.8190140143618718,1.7510448270192391,2
4.92263473905927,1.9226347390592704,1.010858202773466,2
3.4579299210594523,0.4579299210594523,1.7510502010175666,2
4.37266689109245,1.3726668910924502,2.0969169589847354,2
4.874354315951201,1.8743543159512008,1.9822619832502912,2
3.889653418705192,0.8896534187051919,2.1253695655809843,2
3.404887707939068,0.4048877079390678,0.4672336707392217,2
3.673843149375432,0.6738431493754318,2.3190819157712848,2
3.942059083672005,0.9420590836720047,0.7489887139183589,2
4.2681896468408365,1.2681896468408365,2.2991583353906746,2
3.533112009630451,0.5331120096304511,1.4646634693845606,2
3.361576910256283,0.3615769102562831,0.9517961248950768,2
4.313881098718937,1.313881098718937,0.9299725840142212,2
4.769103026503057,1.769103026503057,1.4647142753693627,2
4.892710862608718,1.892710862608718,2.2902110692265887,2
4.326535898228364,1.3265358982283644,1.5290451232448974,2
3.950878265219503,0.9508782652195032,1.880026735365673,2
4.253982895801301,1.2539828958013013,0.7667692955447615,2
4.213566002885647,1.2135660028856463,2.017823043731118,2
4.7751560402999695,1.7751560402999695,0.205327053746315,2
3.48190382966193,0.4819038296619298,0.7294072601659798,2
4.761553438378764,1.7615534383787637,0.4090617982437919,2
4.8417077254280025,1.8417077254280023,1.9473483351778644,2
3.227777348951442,0.227777348951442,1.2725600230855152,2
4.9859857389306415,1.9859857389306408,1.3625172420186435,2
3.783202200079575,0.7832022000795749,2.0275205757836865,2
4.344568461637793,1.3445684616377926,1.3841804095563517,2
4.9497856860882745,1.9497856860882743,2.271446882492869,2
4.502545353210776,1.5025453532107758,1.1791871536143963,2
3.354299067659336,0.3542990676593356,2.127510751655512,2
3.992073818307966,0.9920738183079658,1.560871815748434,2
3.823151727258643,0.8231517272586428,2.225508981947468,2
3.2276746749114147,0.2276746749114147,0.8215204518238791,2
3.969876164465408,0.9698761644654076,2.0638182260857647,2
4.591951522841791,1.591951522841791,2.26039288278476,2
4.094577440205678,1.0945774402056785,0.9741428377473406,2
3.827181688444957,0.8271816884449574,1.8484872128009435,2
4.01140766169431,1.0114076616943102,1.4006361915907308,2
3.71981863598375,0.7198186359837502,1.6893491276705093,2
4.311758342046912,1.311758342046912,1.0353752376359562,2
4.370792969358109,1.3707929693581091,1.2187641358605972,2
3.678679072016221,0.6786790720162212,0.333324920920123,2
4.453887018932649,1.4538870189326492,1.511472505767549,2
4.526895144153728,1.5268951441537275,2.254101569326434,2
4.4546871418731495,1.4546871418731495,0.3711480155214173,2
4.495417417694954,1.495417417694954,0.4723142685586836,2
4.692272393405794,1.6922723934057942,2.1449179266934224,2
4.552580968217479,1.5525809682174794,1.4316208863420667,2
3.2642128834131787,0.2642128834131787,1.182682973054188,2
3.594638425791337,0.5946384257913371,2.031303834959093,2
4.706993378259286,1.706993378259286,2.076515437614232,2
4.937841469606304,1.937841469606304,2.061410560540775,2
3.49152799137068,0.4915279913706794,1.0369356304782005,2
3.351393271800694,0.3513932718006938,1.2880349935056044,2
3.5826258079169104,0.5826258079169104,1.950469243377368,2
4.99792767468062,1.99792767468062,1.583408528650341,2
4.418068301859863,1.4180683018598632,1.442926810160773,2
4.764861531599482,1.7648615315994816,1.7700411981008424,2
3.9012087068926498,0.9012087068926498,0.423718361284026,2
3.965089723571009,0.9650897235710092,0.6926107131689787,2
3.85328957748919,0.85328957748919,0.5534982491489462,2
4.309106225616127,1.3091062256161266,2.0324954457601625,2
4.797132136654844,1.7971321366548445,1.69287049300347,2
3.5323308840541063,0.5323308840541063,0.5841028572832871,2
4.343492056126218,1.3434920561262178,1.935964934089296,2
3.72579345961262,0.7257934596126203,0.6446596953281981,2
3.8681021930025423,0.8681021930025423,1.129588744014368,2
3.738673158575772,0.738673158575772,2.3018974271255286,2
4.69613983523146,1.6961398352314596,1.0754769989450452,2
4.441169888300041,1.441169888300041,0.8624687259143168,2
4.555157898761536,1.5551578987615358,0.5014840984758427,2
3.2885003768724683,0.2885003768724683,1.0975618140629408,2
3.8979068196672286,0.8979068196672286,0.52180723257422,2
4.452295189732821,1.452295189732821,1.01911430710897,2
3.5746004820558666,0.5746004820558666,0.5219480743381582,2
4.940779122659147,1.9407791226591469,0.808929327249189,2
3.326624021304488,0.3266240213044877,0.8740129910578545,2
4.773340721531932,1.773340721531932,0.2982681729076944,2
4.050627867027021,1.0506278670270213,2.005006719556857,2
3.8383622623896736,0.8383622623896736,1.386528861999387,2
3.5986600203966344,0.5986600203966344,1.7596693351596475,2
3.393923757789455,0.3939237577894552,0.5405171952267005,2
4.590101215029069,1.590101215029069,1.4263850827261615,2
3.702852449259723,0.7028524492597228,1.2101183052861768,2
4.433291053398979,1.433291053398979,1.6544215664124564,2
4.875059138051774,1.8750591380517736,0.8171653456284773,2
3.34250920928372,0.3425092092837198,0.2900844102389399,2
4.120700205859734,1.120700205859734,0.337053650959028,2
3.385200286746141,0.3852002867461408,1.6078313783546678,2
4.063016539901552,1.063016539901552,2.3282065431510137,2
3.769820718239883,0.7698207182398829,1.532704078510808,2
4.794250965958152,1.7942509659581516,2.0096045282897457,2
4.347041630725392,1.3470416307253918,0.5887256169385983,2
3.859830102745056,0.8598301027450557,0.2640320199015123,2
4.141912912298338,1.1419129122983378,1.3273545254913377,2
3.787845532351688,0.787845532351688,1.7679709114288211,2
4.610794897735882,1.6107948977358824,1.6019421195807897,2
4.274633497825716,1.2746334978257163,1.256771332893634,2
3.927879739222713,0.9278797392227132,0.5040078094025737,2
4.337109878093567,1.3371098780935666,1.1255789368455658,2
3.740860693708657,0.7408606937086573,2.1226688299996246,2
3.6020049646530783,0.6020049646530783,1.1339320536024022,2
3.904289021640293,0.9042890216402926,1.7355818841886608,2
4.163867272186131,1.1638672721861312,1.6512929575633677,2
3.559016537383588,0.5590165373835876,1.3824357497091928,2
3.919798654865288,0.9197986548652884,1.920643356729612,2
3.712238838277617,0.7122388382776172,1.2625167516991878,2
4.782507324908939,1.7825073249089387,1.785433838456551,2
3.885314595560116,0.8853145955601156,2.212596649030029,2
3.3345975268196386,0.3345975268196386,1.2436770313875016,2
4.345717605795192,1.3457176057951925,2.1517227386856868,2
3.626024677997038,0.6260246779970382,1.0305809583248868,2
4.805660609929586,1.8056606099295864,2.164192001041886,2
3.609789178689029,0.609789178689029,1.3957518334012482,2
3.6570954911752303,0.6570954911752303,1.8928240235786884,2
4.885546852103483,1.8855468521034824,1.6996990943505097,2
4.200071575880404,1.200071575880404,1.883903504852133,2
4.392780437014283,1.392780437014283,1.588543462182191,2
4.370115033597417,1.3701150335974166,2.0073626818197394,2
4.534504203027788,1.5345042030277876,0.7385051683045413,2
3.3329715701436795,0.3329715701436795,1.7051012633686748,2
3.556192410124445,0.5561924101244449,2.013082939785625,2
3.6668703272150953,0.6668703272150953,1.7031261456423934,2
4.989997285771625,1.9899972857716248,1.945770912514808,2
4.276833557259664,1.276833557259664,1.679104110344174,2
4.534381601409627,1.5343816014096268,1.823083130517244,2
3.220291782781985,0.220291782781985,1.412898235592392,2
4.319854251004243,1.3198542510042426,0.7560899971483068,2
4.434811630755982,1.4348116307559824,0.6600654576729598,2
4.420922288377663,1.420922288377663,1.8601286541473088,2
3.699610763441977,0.699610763441977,0.8084830215958136,2
4.016539925061794,1.016539925061794,1.609068068367149,2
4.643321835021905,1.6433218350219052,1.4436875229707244,2
3.359910578613369,0.3599105786133689,1.8599387285979927,2
4.347151936910734,1.347151936910734,0.9719149697789063,2
3.990559584571213,0.9905595845712124,1.679576774438222,2
3.792724885660436,0.7927248856604363,1.111480108050947,2
4.971329612375131,1.971329612375131,1.072154531904364,2
4.889602122848634,1.8896021228486344,1.5091788080866129,2
4.504448131152938,1.5044481311529383,0.3990566357050734,2
3.770550734667904,0.7705507346679039,1.2773845767033818,2
3.856820251851072,0.8568202518510724,2.1236871591628246,2
3.400629572423207,0.4006295724232069,1.488561192841504,2
4.646117696881234,1.646117696881234,1.4468624367071012,2
4.127515870941099,1.1275158709410986,0.6827255497388492,2
3.211012073695194,0.2110120736951941,1.4422995710776096,2
3.311851159869491,0.3118511598694908,0.3362001207308042,2
3.482742995045037,0.4827429950450375,1.2273096121395302,2
3.628532533682324,0.628532533682324,1.306772015030904,2
4.56966792552072,1.5696679255207204,1.975366430103889,2
4.584259311008434,1.5842593110084344,0.6522737200751211,2
3.43227487699481,0.4322748769948101,1.0582943298156966,2
4.889590119054159,1.8895901190541584,2.345460588187584,2
3.770361723597708,0.7703617235977083,1.8291511902951727,2
3.587998159702596,0.5879981597025958,1.4256136896150888,2
4.326869120083522,1.326869120083522,1.0208396678928098,2
4.147901583435349,1.147901583435349,1.456083356464985,2
4.862320034700014,1.862320034700014,1.7164722480064465,2
3.646995074355445,0.6469950743554449,1.317249800242551,2
4.872806628558526,1.8728066285585256,1.9876933543129465,2
3.2611341681608472,0.2611341681608472,0.2266083242345725,2
3.518734687440461,0.5187346874404608,2.34969251895768,2
4.013313368904673,1.0133133689046732,1.7503970756869824,2
4.3908294795336005,1.3908294795336005,2.0351782964416154,2
4.949395164835469,1.9493951648354688,0.3532896790785318,2
3.3875858652546027,0.3875858652546027,1.6077198478778656,2
4.011355304713799,1.011355304713799,0.6061883624981423,2
3.388909323928887,0.3889093239288872,1.179483432464312,2
3.410084745173645,0.4100847451736449,0.4673451982812763,2
4.02407549187241,1.0240754918724102,0.7703773499756709,2
4.881487329211669,1.8814873292116687,2.058237218639084,2
4.592912869026423,1.5929128690264225,0.533952495100141,2
3.341624468384658,0.3416244683846581,1.1110669881364772,2
4.1024231609765645,1.1024231609765645,0.3772148632811272,2
3.9554310173551865,0.9554310173551864,2.2428899370338025,2
3.3395454594213425,0.3395454594213425,1.6744086351205567,2
4.430655467573298,1.430655467573298,0.2350092978590552,2
3.372610357127523,0.372610357127523,0.6746856835458207,2
4.017673234219512,1.0176732342195116,0.3093500889708245,2
3.615597747224773,0.6155977472247729,0.84075845659116,2
4.709733514649439,1.7097335146494386,1.0121557843079672,2
4.332371967961665,1.3323719679616648,0.8372017673480827,2
4.255169538171368,1.2551695381713683,1.2326129917552042,2
3.722808963477306,0.722808963477306,0.6120608387897029,2
4.835181384914898,1.8351813849148977,1.6558556332924532,2
4.968423115427191,1.968423115427191,1.2802023300786516,2
3.376020196917612,0.3760201969176115,0.2061851251141871,2
3.87187560617741,0.8718756061774107,2.025253966009177,2
4.881343088431346,1.881343088431346,0.2151130433890861,2
3.741614205711011,0.7416142057110111,1.2399574043495554,2
4.297226037790242,1.2972260377902425,1.826599557680605,2
3.60963602192864,0.6096360219286403,1.155418226595049,2
4.046594598692871,1.046594598692871,1.2605205616402515,2
4.826998709823235,1.826998709823236,0.5603476371226092,2
3.2650501828807563,0.2650501828807563,0.6694407641698804,2
3.990682717961108,0.9906827179611076,2.1072514354793856,2
4.837805492509623,1.8378054925096228,0.7710974764865075,2
3.7560947964801055,0.7560947964801064,1.6291154819508995,2
3.3255215475287567,0.3255215475287567,0.5626102918692858,2
4.821307044176758,1.8213070441767585,0.3687959338261704,2
3.644439340271148,0.6444393402711475,1.4933100555136676,2
4.622655061428382,1.6226550614283823,0.3962819526976167,2
4.523979185148226,1.5239791851482265,2.278960749719546,2
3.99666221805231,0.99666221805231,1.7044996702791466,2
4.730593832608513,1.7305938326085126,0.3380940633672932,2
4.532999005811092,1.5329990058110925,2.0235782893353047,2
4.879752526938368,1.879752526938368,1.6033895136323475,2
4.89494999882432,1.89494999882432,1.3867082020982375,2
3.999881146256061,0.9998811462560608,0.7667490194250579,2
4.338353358306945,1.338353358306945,2.080105745653395,2
4.616202595713487,1.616202595713487,0.5949319076661496,2
3.50580387230431,0.5058038723043099,2.3225031916130274,2
4.749804503325639,1.749804503325639,1.5806223960548438,2
4.257623032848668,1.2576230328486684,1.754750234497511,2
3.28357274754761,0.2835727475476099,0.799861745380102,2
3.7051765959507126,0.7051765959507126,1.198853095607188,2
4.423525455578864,1.423525455578864,2.1679552582336714,2
4.281105560565332,1.281105560565332,1.1269410103151636,2
3.7048108107399234,0.7048108107399234,0.6876621022191716,2
3.240283965999311,0.240283965999311,1.4763614061495631,2
3.824982164340869,0.8249821643408692,0.7835222093237912,2
3.5593283173398373,0.5593283173398373,1.6750733860450526,2
3.61880857021104,0.6188085702110397,2.121910971747788,2
3.6734047699428793,0.6734047699428785,0.950174505964735,2
3.703427679708888,0.7034276797088874,2.1717339566382834,2
4.420755833643018,1.4207558336430184,0.7704958497662268,2
4.334508062125098,1.3345080621250984,1.7664283607144002,2
3.5037605071678657,0.5037605071678657,1.119930839987172,2
3.79666838250556,0.7966683825055596,0.9377590307030964,2
4.423671478285007,1.4236714782850068,0.3930463234941251,2
3.789583239465408,0.7895832394654074,0.7653902467791633,2
4.535668499089591,1.5356684990895912,2.063889581817757,2
4.3744128854430775,1.3744128854430775,1.6976222447133982,2
3.8913389335574378,0.8913389335574378,0.4696076428632383,2
4.705490093423213,1.7054900934232131,1.971859694378704,2
3.3878832858591528,0.3878832858591527,2.09645820131457,2
4.829839164021569,1.8298391640215688,2.277268642134476,2
3.3063932216477534,0.3063932216477534,0.7199535253729136,2
4.288979975413642,1.2889799754136415,1.4035000155218125,2
4.417729268810435,1.4177292688104348,0.4594450757994983,2
3.3942799337911853,0.3942799337911853,1.9315171408414769,2
3.6796897404980657,0.6796897404980657,1.4216945399116605,2
3.236644447765703,0.2366444477657028,1.2258125688697092,2
4.387058386557592,1.3870583865575918,1.7501668075337518,2
4.422039911138258,1.422039911138258,0.8811981473148668,2
4.248449600926546,1.2484496009265458,2.1059647359779743,2
4.166873956445152,1.1668739564451522,1.0332955628442058,2
3.547321712444291,0.5473217124442908,0.2320748046860608,2
4.429377517487263,1.4293775174872625,1.3446171170104733,2
1.808362560228216,3.550994087266562,0.4786482341407402,3
2.5651590860984603,3.3034297231554017,1.477207693538649,3
0.4254351959564064,2.2570881438306705,1.5936950305493227,3
3.352563849587984,3.1276927266087973,2.205275411367742,3
2.233833151729707,3.6354314057950985,0.7330321558960662,3
1.427835257607812,3.2141251957986405,0.7133276183267562,3
2.183068650549827,3.8326128912877504,0.334526752030563,3
4.017781309562449,3.4540348592259,2.231002816246671,3
2.660858237085886,3.646105544466417,0.90093420055306,3
1.3104760611951631,3.2603627145194904,0.626633008557275,3
0.6093996948065576,1.908368017612931,2.064883946499875,3
1.453774710832525,3.0564108293617567,1.0984268806743571,3
0.327186809318255,2.846647807602695,0.4176467512902903,3
3.16544847343697,3.093131399988992,2.131833079097559,3
1.0824646332775614,2.9242536904395804,0.8507407409306522,3
1.400779851411861,3.3554246504674308,0.5107133209619522,3
0.7333669702202918,1.9355768758660843,2.045483902881464,3
3.4729755810617764,3.2833881932104574,2.2126347090923217,3
2.579963609781325,3.372751927787558,1.370182198144781,3
0.8918625305565651,2.4125558676998926,1.4693862356343494,3
0.76362230149728,3.0670213572216056,0.4948672219912529,3
1.487044461509429,2.4909112365309785,1.8765416737866103,3
0.9025039888097324,2.2952762139843,1.6903545169694514,3
1.2943632211958211,2.44278711512504,1.7484522446820008,3
1.2593565901113408,3.4345441872663667,0.2189220134904884,3
2.217174900612303,3.716375632410589,0.551583873214061,3
1.5113001795102028,3.524643183700326,0.2664295266655873,3
2.319547930837098,3.2731388371454875,1.345735176373417,3
1.0485825723823308,2.6591318916283653,1.2435637676532014,3
2.666209658503114,3.299933981578828,1.675884882415397,3
3.074545572068036,3.402613936962397,1.7927224509610873,3
1.8102094478379192,3.482240315012736,0.5581710372618371,3
1.3675893483367072,3.4396783125599204,0.4179616157530693,3
3.922046312851844,3.667768934948274,1.8765392103777008,3
3.634095088935199,3.692765194358323,1.48888527320864,3
2.596111649177052,3.2794251491816944,1.479837408828408,3
0.3279411802687455,2.2499058875706845,1.252835849278884,3
1.079843965473151,3.0650827074131963,0.6281887442078821,3
1.407586438393888,2.464960285067745,1.727967920545201,3
2.6751360067824024,3.7046619724691774,0.9495247062420326,3
1.4133401220317432,2.578409774779567,1.743291044920904,3
3.247470988471255,3.8751551970477487,1.0785005975417117,3
0.9997092461249376,3.0227022283108007,0.618990562380391,3
1.9515274967653864,3.827478007889866,0.2972959076959554,3
1.3178027978933358,2.8437821374642995,1.157450851227546,3
2.8268818083625904,3.47503264297617,1.2662816640629897,3
1.0878429412059565,2.9003127739283974,0.8886293216066024,3
2.31436522416244,3.0913789063191266,1.5363144605027017,3
0.5802443896133864,2.282318381540215,1.5563306258713756,3
2.0504674634240603,3.0970350731589624,1.271215036382868,3
1.9212469393903493,2.884636659056093,1.501581600590428,3
0.7120636283173312,2.6905728054772853,0.9780626945260318,3
0.4414025930815282,2.5978265764697253,0.9012664894405784,3
1.8581965626851336,2.487481563669537,2.089683722812904,3
1.5872596095642495,3.242949232966688,0.8601779898651578,3
0.4541142341261837,2.530240901925138,1.0039607817154252,3
1.1376687164424428,2.364707303331201,1.7530604628142303,3
1.664649713965596,3.462026508485668,0.5763220845389131,3
0.2191153795359139,1.833075586288439,1.9661835188391432,3
1.9918620192703191,2.983154770189248,1.563232659383191,3
0.958475712444415,2.841548794074952,0.9333023250173492,3
2.610722930427285,3.491342292958481,1.175741848067719,3
1.9701867982910184,3.768249010325003,0.2351800829325889,3
3.95446025511914,3.657952303062428,1.8928460667984544,3
2.84154271060518,2.932268953881532,2.1173718663411663,3
3.5178180630093294,3.742257654152092,1.4669055096301218,3
1.3582816664849349,2.1813914322176267,2.310067811676625,3
1.135686273607363,2.464433781163934,1.4808880933886344,3
1.256570153165806,2.789698712852866,1.1187874161961986,3
0.9875432772205236,3.0927794909495354,0.5662816813435848,3
2.450521038954079,2.770431418844116,2.1875674957304785,3
3.3559406517119825,3.955425731640231,1.0722155487083145,3
3.4541026253440696,3.850866074039531,1.444985111415193,3
1.7218379253152511,2.420413894574525,1.9271068551204449,3
0.3215232693101706,1.819216374638624,1.8708481442941445,3
0.20018633577302,2.4109690917642714,1.0857474040999862,3
3.746434121069661,3.749081621035328,1.7017462445387008,3
4.444523977782455,3.877432942655446,1.925738545976115,3
2.0960769791115306,3.52037566602027,0.5777124149844608,3
1.8394576622818395,2.58730124234068,1.9878103513021543,3
0.9797101603285993,2.0216599359713827,2.0528634790013607,3
2.81996798987922,2.870587161885873,2.34534989174376,3
0.5386668654044426,2.2170737178682893,1.5511666062466571,3
3.675439773304671,3.824427494307993,1.4404648527235493,3
1.2518740108249091,2.650007841252935,1.37703227770695,3
0.4100167907719183,1.740000372043355,2.194843361160018,3
2.3826616411514747,2.961252727860904,1.774384161258233,3
4.925594902246016,3.861363345273435,2.314633659476913,3
1.0657937404536526,2.868834100520401,0.8906304404118631,3
2.9425839379117305,3.365010948051629,1.51626614987221,3
3.131977641779895,3.857602457868332,0.7613819549113332,3
1.226101576656465,3.3790838039832654,0.3097570254515985,3
1.7499366844105924,3.079153573650484,1.0729324340174888,3
1.2160827878297509,2.12953277141389,2.067048754134224,3
0.346835020959614,2.845309305269425,0.4537736236096308,3
0.576271693176085,2.012666793549485,1.8463451862703488,3
2.264579194594637,3.649134130018938,0.7279899773673049,3
1.819509466330327,2.562883409338168,2.037473187271731,3
4.116127137022094,3.650762953778695,1.8135196053126004,3
2.590746751724059,3.0685357283154207,1.8303031472703843,3
2.1050360803895263,3.393502208163879,0.8439177201144292,3
0.5214824237819475,2.355318589525977,1.4813846731880171,3
1.8058353244977408,2.819238780556052,1.527124484153911,3
1.391305693960643,2.751756489229588,1.481339786775266,3
3.6652138682342015,3.3402780885754244,2.147822259304122,3
3.009385511480825,3.717033693816991,1.2108672707786516,3
0.856713514447438,2.7942843063347214,1.0342483870935322,3
1.745406175637802,2.250953710432854,2.3247481086087194,3
1.0221853612650005,2.644605014321717,1.1967127082957465,3
0.7242525115595961,2.4777422882856497,1.3257406137260148,3
2.2846525184469795,3.6194199364430863,0.6726915216440443,3
0.3444547001889271,1.6940741948092304,2.087806963363096,3
2.805694668004452,2.8053033144701693,2.2679240164788377,3
1.4462570782575723,2.4014311391885896,1.8910299103068628,3
4.404006134142529,3.759690811681288,2.2980826817896625,3
2.250639815156814,3.628419910860148,0.6411043869786736,3
3.799530064608089,3.3778672387155897,2.0371182677561253,3
1.853815414044984,3.366399337761079,0.8597930948514243,3
3.828085629567024,3.76923310549677,1.7449797258136743,3
4.473501914656129,3.882055272009663,2.023071913370748,3
0.6668425463171186,2.603028195174174,0.9494668124951032,3
3.440687307784124,3.982827704965524,1.0898003016176927,3
0.8322510486392061,2.3529544346017115,1.543251900025716,3
1.520366764818241,2.8446320309471784,1.2040304986677766,3
0.7895937073941706,2.747359990345004,0.9400846838653356,3
2.0858417421091007,3.241610791620324,1.0849923157373278,3
1.7185509533541403,2.8651450764537785,1.4925931133414647,3
1.9398699610000107,2.5372585205767813,2.0816773047527826,3
3.223952804791746,3.8000045511329854,1.172522470155669,3
0.2116474351113462,2.010129261225095,1.6491506396528224,3
4.995516029507022,3.997623450140692,2.167046863957451,3
2.597066250475886,3.6404802404098406,1.018667289184355,3
1.834344520632173,2.984446302184151,1.1666340148993288,3
1.7071454654290137,3.3174354729951423,0.642751949254651,3
2.981524701737085,3.9440797213316223,0.7330814415613977,3
2.329722582016791,3.157989414182279,1.384878574831066,3
0.8720153245466342,2.9664516285873583,0.6695245428410005,3
1.6587474766087835,3.1712285405233858,0.9422192017615674,3
2.1191009465838504,2.9562240082132174,1.6405634918837175,3
2.759561916382199,3.4149372455270344,1.39061683935378,3
3.279089075646767,3.754953495070048,1.2378590944011938,3
0.4422339808296893,2.7814755203303494,0.5750634461982478,3
4.183018348121481,3.8789071838848592,1.872081905830678,3
2.0750658876997896,3.2145238739536834,1.0953297734520309,3
4.2595715121799484,3.636506066076652,2.112896751791032,3
2.671889428358729,2.933143036608672,2.115664439574387,3
2.765370230665071,3.386518357252758,1.5222470080117825,3
4.824689960467202,3.864135425445769,2.241399128730565,3
0.3985295333007996,2.027619312108216,1.7201484421217152,3
1.4459893903927512,2.443016407205372,1.7863621687826874,3
3.023735645697862,3.205526661084625,1.990492150621672,3
4.843744770329299,3.7991767560556986,2.21500366135759,3
3.4289846787747336,3.221098990469997,2.196440802768356,3
0.9712350188648882,2.421242935637216,1.6582757000066368,3
1.6462097405257878,2.732740630866588,1.6108781748206495,3
0.6730182450750826,2.455514236030212,1.4852582184611436,3
0.6995521271691814,2.5210342500233507,1.3132218054087514,3
1.27120950196493,2.5209158630921573,1.6848754421259908,3
0.914806211783434,2.845700248939877,0.7937867076377888,3
1.3056464815618456,2.5728399351518165,1.8019165275590088,3
1.9040294812580425,2.787207113810192,1.6411015226119163,3
0.8229897986528636,2.015686089559348,1.978050911862436,3
0.9704747406805456,2.203357237651921,1.597540433871432,3
1.435338919916588,2.627753514468558,1.5619527381620446,3
3.066521854916603,3.9988258034790496,0.7466451005763096,3
1.0119698035049,2.110383646237234,2.073348713658377,3
1.0628142096919146,2.847371838537263,0.9515197940955956,3
3.764222882145674,3.942526040671068,1.3551054839248569,3
1.0257108941970987,2.584878032191768,1.4777639043158497,3
0.5619642071343434,2.133140226873177,1.6871340590329036,3
1.1172227643351298,2.490295351978836,1.6587185272524123,3
2.6411447901537697,3.3350903414110484,1.5113034443052151,3
3.002402281887248,3.605568497958356,1.2437677065822124,3
2.361457763678888,3.6213918984095903,0.8410139355962296,3
2.5330249631766835,3.604916927677146,0.9557844341142756,3
0.304450983836529,2.618854012208818,0.891238845200929,3
1.3309759212056882,3.418647846659892,0.4921980210312053,3
2.1760598418910737,2.8277643728325508,1.803089470866224,3
1.0522324170914632,2.549936530845274,1.4327049674616663,3
2.09803804261,3.632004254192181,0.5669509275711796,3
0.2863904239419479,2.0146611961421232,1.6889208539011682,3
2.543130291349078,3.072323887393212,1.6553395112337594,3
1.9579545304321568,2.8209260450566536,1.7701001514736383,3
1.0646814605423256,1.992682315160168,2.2995651422288,3
1.1933692900210453,2.4326446897119425,1.8131533931353847,3
2.4565559639942527,3.9036998036074335,0.5414629787966636,3
1.470294196906285,3.064596435968488,1.0497123890810838,3
3.18432749494873,3.120915082803424,2.173980041485314,3
0.598571976469332,2.586463308004265,1.2283128719978684,3
0.2559939262344926,2.103244367701148,1.4271947763621011,3
1.5589971150229922,3.389929329321412,0.4005358296239981,3
1.1774533517360093,3.346082767487802,0.3025799614886443,3
1.97289690507282,2.943928503977708,1.508282510727807,3
1.8116097107832585,3.0335335994345627,1.3750715185899536,3
2.309694280808402,3.0296681733353585,1.6875563453790106,3
1.4875567080048546,2.648432253868371,1.545798728842188,3
2.873512969455173,3.390097129487096,1.6395154375874967,3
4.002792487862351,3.889035137981685,1.6749555420315323,3
3.999953469069015,3.706310774939412,2.028317702212647,3
0.5904317899158593,3.093227515945503,0.3101509211574019,3
2.454706440393787,3.297648749093775,1.569353607065581,3
0.9656912767748806,2.198270834923485,2.009659001351201,3
0.2385884855691082,2.27227959700069,1.2238802463530043,3
1.8841900870431545,2.494973071900395,2.2252160639344134,3
2.340017474313537,3.143031768799796,1.5395980863866794,3
3.241049891906502,3.2093755576288574,1.9597829324471203,3
2.661699032526112,3.53192829592576,1.092878085013384,3
4.17043215312544,3.7693989636201386,1.8282950294089149,3
2.0923821871015527,2.978226721084113,1.5731056520438105,3
2.966105021685845,3.0467850121376827,2.1230076696510443,3
1.0143918165200163,2.532141373244364,1.6277962849322594,3
2.8133817834896764,3.776616242484124,0.9959822515822208,3
3.482407601141787,3.394882306681289,1.975397471934609,3
1.999289715075388,2.8070960848944617,1.8567238209633887,3
1.5341950539779063,2.5660052289235384,1.8613558134813588,3
0.5418113996980378,2.068182790153683,1.7869075987755187,3
2.165717164762388,2.541669059403994,2.079347012196891,3
4.452727931117469,3.787877800951457,2.2442920056694646,3
4.588607075210467,3.946411846701352,1.802238536264644,3
2.9692096124082834,3.759302761420272,1.180624659047075,3
0.2141965366682097,2.803986449116964,0.434375652208585,3
2.589560086682409,3.616374377295225,0.8880702440621994,3
1.4693445739394515,2.742707765920425,1.4374367157414694,3
1.4901988446661911,3.1740725222156403,0.8469896929467282,3
2.139017439164017,3.459038295941164,0.7446421136660057,3
1.331870589534759,2.867516921332358,1.1791245660083882,3
2.511821181420159,2.9027522318012515,1.930162120000184,3
4.785307311319709,3.926571247463912,2.087505342284704,3
3.444996486730412,3.6077878601815385,1.672430366418716,3
1.2006560694052637,2.9101511493944248,1.1002418150554665,3
1.4577550448898988,3.094119261353745,1.1027703389284331,3
2.929123225095968,3.22435152262776,1.7536069510069046,3
0.8592484168180241,2.214644198312217,1.7654263116982316,3
1.4689338183392844,2.8476190555216068,1.225017343182239,3
2.9626443804807825,3.7807856352403766,0.9775733174290102,3
0.45318326349767,3.1393709464122863,0.2167065971703441,3
2.173775137475292,3.9316329874965903,0.2621637306776301,3
1.3242918179521148,3.2928349485756745,0.4888124102272673,3
4.057137687633039,3.530647594454079,2.2249172021361185,3
3.727075835963943,3.56800178299674,1.8910749474670407,3
1.2309256277599423,2.432967138637844,1.648874853937656,3
1.4986569178788516,2.2756006309912737,2.184486420252314,3
1.128137078250267,1.9162579002956428,2.248765120665712,3
3.273409754058701,3.4916723683397635,1.678617267290487,3
3.14765522317614,3.61320450998005,1.3641781440718996,3
0.560318628977243,1.829895988234609,2.236700103659104,3
0.8833434052274842,2.9941449255846364,0.6825775088147994,3
4.16666033239172,3.675329966428615,2.004375446653487,3
1.7559639687904998,2.359689899593604,2.34787113664532,3
4.694596145723128,3.901272422110206,2.235226793239627,3
2.8962192813082472,3.533059608516438,1.3880701515441554,3
1.282985597693315,2.5155352951657832,1.552229871067922,3
2.266998944317089,3.882587362665293,0.2630378255656279,3
1.6133283005872592,3.28070472206198,0.724707260163154,3
2.220085027506283,3.2098922598163906,1.4060956021739068,3
0.9904722030983044,2.786456002053747,0.9983162330339216,3
0.3219774377495346,1.7275412860247252,2.078365926933915,3
4.585565954091575,3.843253397064112,1.9557684957719128,3
1.6795540724047953,2.736073503852488,1.667224941980032,3
2.460009416684392,3.8112449745981936,0.6036497397818742,3
1.5146257131073624,2.3743309355574573,2.1493801607548395,3
2.135368094563404,3.001096398087138,1.591237892925179,3
1.4343413816453303,3.536375268064424,0.3891024162508751,3
2.881923371043481,3.4269514854508056,1.5525980946742073,3
3.0455853509037483,3.7624644493984505,1.069047208825262,3
4.554089519643616,3.743352386690456,2.144042741185205,3
0.4094939509303696,2.179214488026929,1.3813644216486558,3
2.7091485461598337,3.223355233320439,1.7369915383707242,3
2.1526294062534115,3.199314477691383,1.4313792283477584,3
1.1872097557300096,2.698592149097278,1.3138906445469003,3
0.4471805038384748,3.0619201898874007,0.2006026001128711,3
1.020254931892078,2.278414154185642,1.8821792620809688,3
3.247575441516828,3.761783414699062,1.22520148766034,3
0.8380547388420327,1.9409338564467389,2.1489011811541,3
0.2262660115753583,1.942034884531796,1.696544159671797,3
0.7811909511742712,2.361711080194423,1.366392265624209,3
0.3987289744813589,2.50577556271076,1.237922511740846,3
0.2573027776975563,1.5405335171770187,2.272474387738116,3
4.146884044664286,3.817204765831466,1.777629206885717,3
0.4723044868134254,2.168825810020902,1.641094205557,3
1.5496518275963844,2.8454834413670635,1.4139471112304505,3
1.660966742001153,3.140872882256104,0.9962044365488492,3
4.667692360657168,3.9600389134608456,1.968719434580543,3
0.5260917709413502,2.8504122514381907,0.5247239188677416,3
0.5888325229777054,1.755705551026415,2.152571517125081,3
2.0652011588961328,2.941862319854576,1.6457277832588515,3
3.704722784505813,3.9630491801731615,1.194500451217008,3
1.8505948876224347,3.570237180318685,0.6486414767330785,3
1.5842501595037892,2.741924545738492,1.4813372530399729,3
2.0656671335777643,2.770594797591293,2.004296675850404,3
1.0565979292096443,3.278708574643885,0.2708754704952506,3
2.2897065138202635,3.402170592108474,1.0499806764024802,3
1.8277369600541804,3.246789872802347,0.973709117558248,3
1.4477976377874149,2.868985906173105,1.2811180990587985,3
2.00909162523165,3.339469085793989,1.1308640735707365,3
1.2323035996260867,1.96641292235058,2.329723582480432,3
3.4889126140621696,3.1617658196588807,2.348626796821302,3
1.858167895587131,3.284603569066559,0.9958842129931446,3
0.8159561399496458,2.535551624771273,1.282330352477954,3
0.4709186204415567,2.1989356440598167,1.438191583559844,3
2.0980774596720817,3.486155969091696,0.8579916156375947,3
2.131825395930933,3.800129068017928,0.4001385947774942,3
3.785021901997453,3.3449760741829424,2.081444596080184,3
0.4754018328414449,2.130343800913905,1.6102576786439138,3
1.286265670002655,2.235280669274771,1.9581451820666564,3
1.843989366297233,3.57799067205064,0.3801758151576318,3
0.721083644463187,2.2759283748650967,1.5904776862997705,3
0.9342539374956762,2.326772449449245,1.5829097499718374,3
1.0093395274954216,3.240969830543406,0.2847018964152519,3
3.1436876642018845,3.1027451535743413,2.190496449740914,3
2.285549995257984,2.6661333410180266,2.2363574604198417,3
1.0427409395629947,3.2970195449585145,0.2927805516112433,3
3.4444392971108435,3.629962676758781,1.648868966842702,3
1.774356472130102,3.330046203356469,0.6897679916806814,3
3.446737996821274,3.104090201197624,2.3479525590141628,3
1.3029788321691482,2.551770921510272,1.5241620135752658,3
2.212351023965785,3.084013997955135,1.4386295829821034,3
2.9996391462127554,3.057413834513393,2.281354832205366,3
0.687574800881517,2.094291093741587,1.7951898385463927,3
1.7161105317929146,3.567046203009436,0.3821137560464149,3
0.5791171810229139,1.7207040526388115,2.2274798852086164,3
1.062200935689604,3.1177667410846053,0.5984346951398114,3
2.851643020403684,3.704396969849444,0.9756094226466978,3
3.816099890753323,3.422082380168242,2.2888070835111844,3
0.7346631729486566,1.972321445256308,2.0837815481208253,3
0.4916661632231167,1.8091075639260608,2.154441199362738,3
0.6103690234314412,1.970868996466904,1.935886468808296,3
0.8579387407659673,2.6884824179061217,1.259281562725204,3
1.2927693812178405,2.4352789334498985,1.5894544664781924,3
2.716162054889567,3.2296913305868866,1.7295000677340802,3
2.7088095887199444,3.225935320824493,1.6581873605923556,3
0.8939260001849405,2.212326666047128,1.7199315884001023,3
2.405639790676663,3.1758919982645413,1.6100966094274245,3
1.9717277232508417,3.6878225886692464,0.6987917502650667,3
0.7223804561956702,2.790900092081188,0.8167462148184647,3
2.358720773599214,3.786188368667371,0.6178345397954279,3
2.705756086757125,3.940341322186031,0.6951132838246283,3
2.232619801854681,3.22322433474734,1.3126344498318123,3
2.510042823315682,2.680006019894967,2.176057826905889,3
3.891242161305098,3.7421867365589567,1.6506762541235755,3
1.16830448310739,2.761910498349704,1.1854058397953378,3
3.449343249460358,3.0626447289597207,2.324279099716116,3
3.218263476966989,3.82764435939305,1.054960702604085,3
3.0513547130758223,2.9412610807485136,2.3203066783252333,3
1.0053159551336854,2.9645537675199543,0.9625676021981986,3
2.917050956676716,3.901850701489291,0.8588920285371019,3
2.533078174944265,3.145183101487804,1.4996992855876057,3
0.8490389137314016,2.247390872806572,1.701220114071594,3
2.801026094374876,3.092451074522585,1.940922539967175,3
0.2168222838267366,2.1122747672644344,1.396491378247017,3
2.258390721132678,3.800903531506754,0.452655141183399,3
0.8974781489319414,3.0887621635280764,0.5181641597751304,3
3.162287497818995,3.4483780749151736,1.5545443200145888,3
1.9344819739868435,3.684968953520413,0.4163386934184413,3
4.191890819582404,3.6973866630843872,2.055708532143473,3
2.5356604429862912,2.901337672675041,1.9729168116899936,3
1.5473805953042232,2.4740226208489986,1.8164043283449305,3
4.518138167289294,3.6417231744497855,2.3321309638305707,3
0.2920587580148228,2.5844043701453967,0.7537668426164381,3
2.4922038011476344,3.817690619657202,0.6221802862934501,3
0.5779059134750333,2.282674278458414,1.438688094214539,3
3.502960091006744,3.8509834550793975,1.3768970013794894,3
4.508933663082548,3.73847326743822,2.1676313019963818,3
2.7540443371343324,3.773873996634968,0.8828477542486829,3
1.4376836476773802,2.1330409114670568,2.343767881129559,3
2.010797977701203,3.7661486535071,0.3392170417499529,3
2.4564620856963053,3.5496019865748307,0.904020781208003,3
1.8994326271218809,3.534027544816602,0.7687662689229763,3
2.238393024952735,2.8141536290172096,2.0303574904005885,3
1.148768623678192,3.0439283468101808,0.7060727743827108,3
1.1923629821760011,2.5979165121799084,1.582396671374002,3
0.9038343289930733,2.618799053095457,1.309561172608043,3
2.334360960184658,3.3706881071835566,1.178077162779856,3
2.951601553863308,3.835224264820152,0.8841228481922242,3
3.2732766736748795,3.5367419375738223,1.5725611476812766,3
0.8963340265799082,3.3117182467183923,0.2434326981620539,3
1.5075168204034026,2.8277498759009765,1.4342340577662784,3
0.8821327926635201,2.044527347594712,2.1821421805266845,3
0.8116552033578428,2.321792949182748,1.409619239790447,3
3.506346525522968,3.846936219293367,1.292528521260503,3
0.2183330968393904,1.6206210580165252,2.3478034389126003,3
0.2328036894788874,2.808323802300184,0.4211267646678495,3
0.586875236217482,2.4536921698899903,1.280879027547191,3
0.5570822106452167,2.004910589884404,1.9049496345136017,3
4.935452134811708,3.97367231386571,2.2104083905434897,3
2.946515043999983,3.548068337083772,1.2761100216039465,3
0.8829117567218381,2.959977724315995,0.6757659332144852,3
2.350703974813377,3.980443266073216,0.4000914861776704,3
0.237704978267923,2.1812790477745674,1.3951266529235642,3
1.495468505714078,3.378778871484462,0.55384601348512,3
0.3420253347921138,2.208660206689284,1.4422611674319064,3
2.3292887424062423,3.839025022568866,0.4708128222208201,3
2.7135167092858783,3.8031319715510143,0.8992447275830651,3
2.3724643255118503,3.3791672656645826,1.091363969589729,3
0.6561763359955717,2.042566453744157,1.9313536419482449,3
2.1271711337662715,3.261618857314376,1.1899300862540794,3
2.797492796442887,3.913314317859674,0.6905095832314272,3
1.4082334655857487,2.930562998259391,1.1761519905126194,3
0.6367076941780785,2.0301979697702786,1.744104233796843,3
0.9181486698429332,3.1624796495646312,0.3986218233355008,3
2.061207208410645,3.670599439921039,0.8034063304466501,3
2.708852889931813,2.9454376434245626,2.141242168455308,3
0.3706329725968054,2.84135977388383,0.5166770029001413,3
2.31376101744405,2.97826976623677,1.6677994033736958,3
1.2524078858197352,3.06743457987428,0.9862169975812596,3
0.3371530579848385,1.708176185379546,2.047659788210412,3
0.9900042480755988,3.0379796691507,0.6973625634417207,3
2.146196264299526,3.6722940005936815,0.8577937535183726,3
1.3764669158234353,3.187834257898332,0.7659750023456932,3
2.456880312198474,3.268950956917007,1.2422401710768654,3
0.9842904683298797,2.217914632056741,1.7960117679613874,3
1.5178218666578638,3.5222403022933486,0.5508010670710379,3
2.5224309241087064,2.562522430899969,2.3327033968180926,3
1.4108400553774547,2.3776905789588723,2.0801118177415545,3
2.6036805889326704,3.783975719627181,0.7283108142714906,3
3.669358626003403,3.3160843122873795,2.2063471928393352,3
2.045592730575068,3.373340024138812,1.191469547266132,3
1.89439133048983,2.8925587465321154,1.7263551348045056,3
2.926692005525255,3.019413678296554,2.088557505646328,3
2.6883852852604138,3.9282606146627295,0.7747211644978901,3
0.8664555755129308,2.501291043747771,1.1493133583809771,3
3.183028876137056,3.8572489318288334,1.2593264769861496,3
0.6929057828324885,1.9518713479102587,1.9422303762348816,3
0.4447471074781446,2.5074173516930927,1.113214079945218,3
3.814886125719488,3.9144005321235418,1.372804406238744,3
0.5671804582918885,2.120872877325632,1.6693265283921432,3
0.6726097070508317,2.0892865443680058,2.043395265431341,3
2.714345726204672,3.0202803579260697,2.2033178495740904,3
1.5989686910969616,2.905602476549288,1.2832184574831902,3
3.821572533778302,3.605392043408151,1.9138401616312133,3
0.3792289273014957,2.6334320581226534,0.7690357207235996,3
2.125209428576376,3.2683070031154617,1.2370611148740098,3
0.6676680989851007,2.781844970843326,1.1115021229932172,3
3.283609724407248,3.8785083313402566,1.0675273897983413,3
1.6288893323459637,2.685812366258268,1.5925476687985751,3
2.778230790891957,3.516203209090201,1.4094783229547363,3
1.99073532247532,3.196819009725555,1.4207234916798916,3
1.5313035259243764,2.544098534947037,1.8128105733582545,3
2.9670500154721413,3.2376607933250794,1.8796969166063564,3
3.621041371720594,3.549937750648729,1.8553551718751693,3
0.9482011374092668,2.3582495987389254,1.697565524669458,3
3.68179941398275,3.858926382213342,1.353817412831514,3
1.898858320372304,3.50714074862402,0.6517349189393425,3
3.09212570810468,2.9397660438126394,2.2323027434630416,3
3.63323866176316,3.627783767790488,1.9378416729929304,3
2.21451739656837,3.694802458510367,0.6498802175495225,3
0.5914644079710281,2.4124908911468195,1.3921314019071251,3
2.547775448986284,3.333667799809142,1.4700620761387426,3
2.690030266206252,3.763231853215972,0.9407163154084734,3
2.6691752221866,3.633778642172742,1.055805358531807,3
1.4785032511584328,3.354386238917355,0.5914550040737838,3
0.3656656381319827,2.374295479118068,1.1316943546204423,3
0.5265107981357435,2.799964823956974,0.6610805712579024,3
1.689961923464308,3.214679864833907,0.8975989622164718,3
3.560282464891009,3.364433511197597,2.1024486343023625,3
0.2339024357238808,2.225542027618917,1.45116161998844,3
1.0085070445213518,2.386380451083498,1.8129914017006328,3
3.080559481930716,3.4488931457941376,1.489892912822766,3
0.4098881250690076,3.052092744589844,0.2263770310929726,3
1.998188411859367,3.6491040748864414,0.3018858610406151,3
3.008411713359587,3.822775256188796,0.8431240665424122,3
3.904858810873435,3.37659190052925,2.2895756739306603,3
0.2660711029140665,2.029386784177873,1.5867809648725877,3
0.2673426921175417,2.4799344366604377,0.753524001722714,3
4.632195987810623,3.8655556485803135,2.2781860033342034,3
3.573164611024489,3.686249174968712,1.696660647531666,3
0.6046795585404849,1.8931930163597173,2.1778355477780087,3
2.94202772877567,3.581325668936855,1.2094098843667642,3
1.3146778425695491,2.8762235071300184,1.2465082086966706,3
0.2982365632236745,2.5099751256972933,0.7654303361701771,3
2.843198158665156,3.7156344896615305,0.983076112474467,3
0.6450804717049998,2.8616374503472883,0.7230296645111843,3
3.083127447611981,3.448740946615212,1.686817020731944,3
3.011115252350804,3.308681533535581,1.7827061784870448,3
3.129910984706584,3.6818128963790864,1.3524193295224185,3
0.6219742232521632,2.02587645634969,1.7353535960310962,3
0.4943416129844897,2.37844908692278,1.3990829347872815,3
0.837029227693749,2.376454602968985,1.3936803090625076,3
2.651480971028052,2.9329025247531746,2.067876089366884,3
0.8366254042308534,1.977175429117284,2.237383667641612,3
1.120285854654056,2.463915909652153,1.4191191740376254,3
4.017863873411757,3.421170468954671,2.26316466711248,3
2.492314077145996,3.196867128897085,1.4911148876913447,3
2.1807691602014128,2.5452959847941523,2.17665717416356,3
1.805425958890842,3.703293882103028,0.2188351413363879,3
3.3064784134808107,3.903734625833629,1.2715395528104294,3
1.7991668390066025,3.4970890200011984,0.7014280958381578,3
4.065234869558025,3.633855925587563,1.9532880704416515,3
3.738828389985149,3.5433859098554144,1.940295065445903,3
3.912657690830752,3.7969246193936463,1.7696672779250744,3
2.6767219502203337,2.969446889328883,1.942795769088797,3
2.479493615604947,2.821653696921274,2.049914592353354,3
0.9089160468371568,3.256081227408434,0.3147971818384292,3
1.558621988615943,2.391202139790885,2.0029332699686337,3
4.796285213313595,3.973480598472969,2.0389988584832306,3
4.385134840620947,3.872602505875158,1.8300401468589624,3
1.6566582882771044,3.421532586434916,0.6815800467094102,3
3.9058046908042767,3.759799214117328,1.830963272512264,3
0.3566881253385425,1.7752233909133193,2.0521768432735463,3
2.6224983352165223,3.24696115088396,1.6464405156760469,3
